{"train loss": [1.0832857395620907, 0.4600976214689367, 0.4034103317821727, 0.39163263461169073, 0.3895708165449255, 0.3614940410501817, 0.36055309828589943, 0.3493145833295934, 0.3367055446961347, 0.3300434269624598, 0.3318628717871273, 0.3283587739046882, 0.3283160506977755, 0.3254188694673426, 0.3285886604645673, 0.3211672606187708, 0.381547044024748, 0.364986811245189, 0.3251140692654778, 0.3160374287997975, 0.31426976428312414, 0.31000550634720747, 0.3068998730883879, 0.30733398465549244, 0.30332569402806897, 0.30628619698917164, 0.30285168058731976, 0.30270277528201833, 0.3014604408600751, 0.29810235556434184, 0.2963463307829464, 0.2971279607099645, 0.29502054775462433, 0.2964111288856058, 0.2926237434499404, 0.2940102069518145, 0.2986649771297679, 0.2944913980540107, 0.2915113645441392, 0.2915019150341258, 0.28963318796718823, 0.28721199302112355, 0.28516717812594244, 0.28437730466618255, 0.2833743061738856, 0.2836982095942778, 0.28234562326880064, 0.28186636574128093, 0.2820229502285228, 0.27979647510191974, 0.2810553703588598, 0.2807874999326818, 0.27893584349576167, 0.2799838132016799, 0.27989091214011697, 0.28015330426833207, 0.27867499968584847, 0.2794903959947474, 0.27973225397222184, 0.2789394210366642, 0.27927018936942605, 0.2791124810891993, 0.27967320540372065, 0.27916114610784193, 0.278473599097308, 0.2789996760031756, 0.28032075068529916, 0.2800198977133807, 0.2794353684257059, 0.27944459831013396, 0.27982767273398007, 0.2781651294932646, 0.2788990086667678, 0.2809501283309039, 0.2782192673402674, 0.2786481839067796, 0.28000039114671593, 0.27947579482022455, 0.2791652348462273, 0.279556605535395], "train miou": [0.4521431151847325, 0.7835559107465753, 0.8090031952375198, 0.8142304006560155, 0.8171753230055214, 0.8265589254098613, 0.8270125399798484, 0.8309842271195211, 0.835577578394435, 0.8381716859588622, 0.837704653054486, 0.8403139842057695, 0.8392660832648722, 0.8402723114863646, 0.839450693575394, 0.8426054221893664, 0.8196029617595652, 0.8274569476039095, 0.841438797966916, 0.8442442443220621, 0.8453736308906638, 0.8465470172981225, 0.8475109625888568, 0.8479766080681072, 0.8489237886736504, 0.847963686827617, 0.8493337639339757, 0.8498258341766021, 0.8500808333363858, 0.8507275352732357, 0.851627992342523, 0.8516446059047271, 0.8521396823292703, 0.8520763222082683, 0.8526984909026554, 0.8527422296146805, 0.8509579041681659, 0.852542946974197, 0.8539243753134016, 0.8535379824728071, 0.8541543595815799, 0.8547126256414035, 0.8557145454467245, 0.8561586512299701, 0.856361676711684, 0.8565862205160398, 0.85692105290678, 0.8568392389482413, 0.8569041379706639, 0.8576741324041852, 0.8573858920654697, 0.8572893662074557, 0.8578969619177186, 0.8573425102894339, 0.8577248269279552, 0.8575031316204015, 0.8578643460460291, 0.8579667356255127, 0.8578363780531352, 0.8579716790911557, 0.857722334536419, 0.8581529663782644, 0.8576879319468278, 0.8581031503781357, 0.8578624299911998, 0.8582298693278827, 0.8575484307962671, 0.8576296446864313, 0.8582223306285832, 0.8579985603468172, 0.8577270973589188, 0.8580690675625247, 0.8576812361330663, 0.8576456584699885, 0.8581654105189784, 0.8579975832225706, 0.8575809879864785, 0.8579606302929047, 0.8577692741834955, 0.8578913584166654], "train fg_iou": [0.007042993974740148, 0.6164504424914384, 0.6612839308566277, 0.6704338017635458, 0.675744644182487, 0.692152285271904, 0.6930391166059926, 0.700022228669753, 0.7081435164608504, 0.7127007590139082, 0.711944915874764, 0.7163802823412815, 0.7146896831860579, 0.7163992513280275, 0.7149789463771976, 0.7205279590229655, 0.6799792172480803, 0.6938317771695168, 0.7184428849316327, 0.7233752138566281, 0.7254000776494216, 0.7274967691081297, 0.7291549730353502, 0.730041722638865, 0.7316759413708508, 0.7299568528195403, 0.7323716496126456, 0.733254586909925, 0.7337288003505424, 0.7347992668074359, 0.7363969350871477, 0.736466319118642, 0.7373521967545866, 0.737207442004993, 0.7382931929981218, 0.7384108144831311, 0.7353123884032143, 0.7380607042562901, 0.7405132859042693, 0.7397312381587579, 0.7408618703011948, 0.7418522202523447, 0.7436446232210239, 0.744398684172394, 0.7447836445878547, 0.7451953999609908, 0.7458085875711375, 0.7455743023096538, 0.7457371629641169, 0.7471273841944556, 0.7465833590745476, 0.7464265974151444, 0.7474662493214229, 0.7464629700690714, 0.7471647717796828, 0.7467736813674941, 0.7473720149102991, 0.7476416598294824, 0.7473947109238107, 0.7476041503596433, 0.7471498326190616, 0.7479140206623208, 0.7471547209602915, 0.7478170087044753, 0.7473830323812942, 0.7481097294886068, 0.7468275566117656, 0.7469778057240806, 0.7480918521534944, 0.7476675954148001, 0.7471672334968326, 0.7478115544250599, 0.7470930367328781, 0.7470120857886527, 0.7479785705011054, 0.7476639827601226, 0.7469398692194328, 0.7475749057506506, 0.747273743699255, 0.7475033842242055], "train mcc": [0.06833840945343475, 0.7400364312359785, 0.7755979494626322, 0.7827582158961169, 0.7866445384542273, 0.7993556173425982, 0.7999246188680936, 0.8051147086128244, 0.8112334611814799, 0.8145556789710913, 0.8139343956720458, 0.8173818525740076, 0.8159717364191678, 0.8172882271196451, 0.8162152162588098, 0.8203802374222393, 0.7898950253756855, 0.8004510834628085, 0.8188181752591294, 0.822501729518419, 0.8239381822451431, 0.8254546380337815, 0.8266562827327967, 0.8272947056442248, 0.8284801607061282, 0.8272371235920852, 0.8289976427291177, 0.8296617978503449, 0.8299786768803731, 0.8308022917784498, 0.8319585200536534, 0.8319712478414971, 0.8326054626872261, 0.8325241878682315, 0.8333054925373975, 0.8333694594287818, 0.8310534907467738, 0.8331183669901595, 0.8348679690900597, 0.8344201837965478, 0.8351598204518667, 0.8358902554453207, 0.8371545015480512, 0.8377097657819857, 0.837970401822835, 0.8382732059570961, 0.8386691243782177, 0.8385843135730751, 0.8386822886508746, 0.8396330570943846, 0.8392847329822928, 0.8391611905763195, 0.8399159113965543, 0.8392220000179943, 0.8397076897360114, 0.839408612548759, 0.8398985771132998, 0.8400006944858726, 0.8398454060899166, 0.8400121020662736, 0.8396912777531832, 0.8402536635469444, 0.8396669433365491, 0.8401764941703869, 0.8398775758703334, 0.8403368728293027, 0.8395013378139813, 0.8395930784861604, 0.8403274001005129, 0.8400558007312998, 0.8396973948914045, 0.8401508642568136, 0.8396476221181173, 0.8395981489911476, 0.8402643247835697, 0.8400427417859465, 0.8395057597767414, 0.8399917205075195, 0.8397617576098512, 0.839909610019815],