{"train loss": [0.9364945992301492, 0.44381947825936713, 0.3935233963237089, 0.38063091614667105, 0.38126394916983214, 0.35955225327435664, 0.3538059170105878, 0.33673536272609933, 0.3479516248142018, 0.34392527832704434, 0.42476544043597053, 0.36091283742119284, 0.34094176797305836, 0.3323723847725812, 0.3361429511799532, 0.33718820263357724, 0.328987494356492, 0.3297107486163869, 0.31812420760884, 0.3180960327036241, 0.3210438975165872, 0.31708148759954113, 0.3139690679662368, 0.3099408691069659, 0.32017656803131106, 0.3126116553474875, 0.3062644807030173, 0.3024798150623546, 0.29434141509673173, 0.2916627836227417, 0.2895298349156099, 0.28797189333859613, 0.28621913629419665, 0.2861354257078732, 0.28795398165197933, 0.28668117242700913, 0.28355071895262773, 0.2825116339851828, 0.2826725104275872, 0.28101209991118486, 0.2816479158401489, 0.27888286113739014, 0.2765486393255346, 0.27704504083184633, 0.27588286259595085, 0.27684049746569467, 0.2765743659524357, 0.2755106179854449, 0.2761304508938509, 0.2746954150760875, 0.2760324605773477, 0.2738259866658379, 0.27445677013958203, 0.2725804478981916, 0.2739484841683332, 0.27368407908607933, 0.2739686029097613, 0.2722412325354183, 0.2718200975305894, 0.2726498641687281, 0.2718189052974477, 0.2707663618817049, 0.27164984590866986, 0.27037492934395285, 0.271803336984971, 0.2718346771071939, 0.2719390229617848, 0.27239143581951364, 0.27079840898513796, 0.27151139708126293, 0.27147026104085586, 0.271635157921735, 0.270690942511839, 0.2722748171581941, 0.2723056020456202, 0.27108816146850584, 0.27110620414509495, 0.27125200467951155, 0.2706050516577328, 0.2713054658384884], "train miou": [0.5615838167865213, 0.7911690470092392, 0.8128184371449552, 0.8186343925893307, 0.8197839337242715, 0.8278261623843699, 0.8304041299485229, 0.8369810965537149, 0.8320742523636719, 0.8342920708005037, 0.8059694609709682, 0.8276901960458389, 0.8345410556573103, 0.8381765593638638, 0.8368355288613305, 0.8365873980304934, 0.8401709612323703, 0.8392196415147479, 0.8438919693522233, 0.8444780247168778, 0.8427666360380086, 0.8448679264053469, 0.8457554361365713, 0.8472449349742885, 0.8429007082876891, 0.8459751950835861, 0.8482228583635978, 0.8494025107393903, 0.8529876058102679, 0.8538308452279002, 0.8544528519063823, 0.8551025483131345, 0.8553280444728424, 0.8557046405221151, 0.8553512454117745, 0.8557668781372079, 0.856472342713224, 0.856691113033877, 0.8567584826032064, 0.8574021690975785, 0.8573766191161699, 0.8581269034920495, 0.8586124286163241, 0.8588375515667981, 0.8593550085181474, 0.8590816729102946, 0.8589341613660539, 0.8592377723480793, 0.8593006788586586, 0.859720722375563, 0.8593124914868061, 0.85976090539384, 0.8597716276386707, 0.8601997572819043, 0.8600669169345916, 0.8599943714523159, 0.8598639609393093, 0.8606550638608528, 0.8607237468826436, 0.8606921157076995, 0.8606384937628043, 0.8608136540212901, 0.8604899220499733, 0.8610648340918443, 0.8608666654935004, 0.8608465709650426, 0.8608950822164098, 0.8606070711711141, 0.8609177923067965, 0.8610133048864557, 0.8606959081630368, 0.8607394313932222, 0.8606192764365557, 0.8608194330169585, 0.8608764323251389, 0.8607655515394596, 0.8607578701939176, 0.8607198885046063, 0.8611071153851526, 0.861016323651541], "train fg_iou": [0.21239268579450954, 0.6295759436817782, 0.6678683483291769, 0.6783167737539445, 0.6802956300024814, 0.6943983104048558, 0.6989355489089129, 0.710590155254177, 0.7019873102949789, 0.705779246110813, 0.6557798643437796, 0.6942563868719592, 0.7062541670092642, 0.7126523313581236, 0.7102796485704296, 0.7099921708104413, 0.7161835497349001, 0.7145329542300581, 0.7226933514428352, 0.7238028654448366, 0.7208590709440965, 0.724522293765756, 0.7260029812930645, 0.7286631558171588, 0.7209942247420198, 0.726409963802868, 0.7304065883736105, 0.7324955849877274, 0.7387817727083824, 0.7402930347622938, 0.7413799879721421, 0.742541533110565, 0.7429416093488049, 0.7435977650006544, 0.7429740279336352, 0.7436740730413499, 0.7449438214443113, 0.7453478549544621, 0.7454377196954878, 0.7466542200104089, 0.7465290650541996, 0.747900159291282, 0.748710754746056, 0.7491373034080477, 0.7500448567493528, 0.749552819968359, 0.7492656055728594, 0.7498191923375798, 0.7499284135339835, 0.7506856389242659, 0.7499459156067892, 0.7507102438135059, 0.7507160605533062, 0.7515286423748491, 0.7513214896656794, 0.7511067980329398, 0.7509270874642566, 0.7522884541297329, 0.7524697514508388, 0.7524150618434511, 0.7522957963991925, 0.7525576455887903, 0.7520060162187748, 0.7530500527133045, 0.7526439222674556, 0.752638760426933, 0.7527700056321593, 0.7522208400435618, 0.7527795293310454, 0.7529485390628194, 0.7523580808120174, 0.7524508073391997, 0.7522364217895022, 0.7525933562731417, 0.7526850721691866, 0.7525081526055313, 0.7524906649876948, 0.7524094736868241, 0.7531305626115562, 0.7529228440036237], "train mcc": [0.3864848537444616, 0.7511152425100451, 0.7809155526874786, 0.7885822898293848, 0.7902971696527604, 0.8009878021268966, 0.804426060321695, 0.8130450407549927, 0.8066020708019817, 0.8095553935430003, 0.7716816946110918, 0.8007841372930381, 0.8098599502352463, 0.8146174841862599, 0.8128772444732958, 0.812471177863471, 0.817238221267362, 0.8159418719450964, 0.8220938421640036, 0.822811390442357, 0.820519095877507, 0.823261602015692, 0.8244655978535037, 0.8263579521123122, 0.8207413010248572, 0.8247495337151595, 0.8275932627486683, 0.8291520677701008, 0.8337203971931093, 0.8348003916420428, 0.8355765556212178, 0.8364207730004177, 0.8366870216865226, 0.8371423342056591, 0.8367142865179082, 0.8372613462282437, 0.8381345316339353, 0.8384593622987115, 0.8385042024201546, 0.8393149963558245, 0.8392797025705158, 0.8402146294666881, 0.8408671536366642, 0.8411289830234995, 0.8417935793812167, 0.8414603862507296, 0.8412509550661111, 0.8416445826458914, 0.8417301724403151, 0.8422554406794307, 0.841744563847712, 0.8423080293835679, 0.8423418663782068, 0.8428541154409551, 0.8426807015926142, 0.8426040117773874, 0.8424330426099877, 0.8434511220588313, 0.84352948217869, 0.8434808627204495, 0.8434042480062683, 0.843642023790401, 0.843225342852072, 0.8439553723802348, 0.8436996657424627, 0.8436912776868296, 0.8437343558294443, 0.8433941912750403, 0.8437777111694384, 0.8438856136702301, 0.8434987075163012, 0.8435351857633931, 0.8433888432606441, 0.8436560047355266, 0.8437242602171822, 0.8435786492065611, 0.8435613883734171, 0.8435209303233938, 0.8440057829786173, 0.8438891886697105],