{"train loss": [0.5299659257776597, 0.23401368239346673, 0.2095152278507457, 0.1911333765703089, 0.1851256293409011, 0.18421385779100305, 0.19386078217450312, 0.18669952560873593, 0.18084693235509536, 0.1782302305277656, 0.17334662142921897, 0.16518026015337775, 0.16018694597132066, 0.15878003513111788, 0.1584742863038007, 0.15740574822706335, 0.15642632589620703, 0.15464194480110618, 0.15442021103466258, 0.1537582924786736, 0.15407130269443287, 0.15269953685648302, 0.15275293946266175, 0.1518680824952967, 0.15113726896398208, 0.15018281838473152, 0.14924017296117895, 0.15134749812238357, 0.14716367539237526, 0.14551720843595617, 0.14585124324349796, 0.14525977863984949, 0.1450239189933328, 0.144244584125631, 0.1444325492662542, 0.14389947863186106, 0.14370419958058525, 0.14350628172650057, 0.14234630928320044, 0.14238949425080244, 0.14266525275567, 0.14197693866841934, 0.14162992722847884, 0.14129649618092704, 0.14104483387049507, 0.14148631102898543, 0.14161277742946848, 0.14106430705855874, 0.14124394963769352, 0.1418042877141167, 0.14131215460160199, 0.14129686565960156, 0.14168068163535175, 0.14173011835883645, 0.14144109326250412, 0.14107500090318567, 0.14087701769436106, 0.1422441169794868, 0.1413379735105178, 0.14099754354533028, 0.1414106261028963, 0.1415814513318679, 0.1413948477717007, 0.14229727702982287, 0.14149041863048778, 0.1414245812331929, 0.14136639672167162, 0.1419054846202626, 0.14109919043148264, 0.1420678443067214, 0.14112537615439472, 0.1415483632508446, 0.14168655416544745, 0.1417939599822549, 0.14122660314335542, 0.14193983884418712, 0.14173614684273214, 0.14131923381020042, 0.14160301411853118, 0.1415328841349658], "train miou": [0.47465908671182466, 0.7749182431570376, 0.7969054383796845, 0.8118073463650255, 0.8179712508432645, 0.8173236715234227, 0.8142121458039107, 0.8188904616528907, 0.8214910724019164, 0.8255478828083207, 0.828136073033118, 0.8331547978988518, 0.8365173930038439, 0.8379395670658456, 0.8381456686505359, 0.8392298470816102, 0.8399552871008961, 0.8407365566388121, 0.8410391153453436, 0.8412499581800432, 0.8411949308356381, 0.842348958294102, 0.8422040123530672, 0.8432574443898906, 0.8431821553869904, 0.8439172188334239, 0.8445629220479397, 0.8434389436242963, 0.8458505727451887, 0.8468003076935366, 0.8471166083561348, 0.8472982215205367, 0.8479716399124004, 0.8479201997851109, 0.8481315749680716, 0.8485554744722026, 0.8487156443244972, 0.8488106534885332, 0.8494188925303858, 0.8495272358536425, 0.8497171310182334, 0.8497403242853512, 0.849620127717193, 0.8501189286976801, 0.8500134085104287, 0.850264672402252, 0.849930640980213, 0.8501175431422785, 0.8499004893672579, 0.8498331559637284, 0.8501778918548561, 0.8496638174193386, 0.8497525282518121, 0.8499394214431413, 0.8502112108997295, 0.850013327395693, 0.850099948489368, 0.8499420320768869, 0.8500423919020503, 0.8502280222360029, 0.8504733302067382, 0.8502808933904452, 0.8502201571772057, 0.8497027271809771, 0.8502647588227589, 0.8501336293307484, 0.8500458596699478, 0.849908226991498, 0.850073334556097, 0.8498435538133532, 0.8503282501693203, 0.8498637425308043, 0.8499346052953707, 0.8499425455183821, 0.8500729514819263, 0.8496310447335289, 0.8499586137733449, 0.8502385686019892, 0.8500912580163403, 0.8501594712824159], "train fg_iou": [0.049029218967018104, 0.5990228119371017, 0.6380351664770334, 0.6645796925258972, 0.6756190712676721, 0.674396650529654, 0.6689462061209117, 0.6772235767589897, 0.6818676521990761, 0.6890672990513343, 0.6936574464469548, 0.7024928624665548, 0.7084909768223856, 0.7110175057929256, 0.7114168642345328, 0.7133533102390742, 0.7146718652071605, 0.7159786614077017, 0.7165619957574193, 0.7169469396027706, 0.7167913952701293, 0.7188877671650383, 0.7186165401322737, 0.7204879016524227, 0.7202931236730516, 0.7216204516237571, 0.7228063937752036, 0.7207626554436483, 0.7249995517185779, 0.7266758480702379, 0.7272921081190875, 0.7276107479244835, 0.7288329861005082, 0.7287449552477212, 0.7290670318828014, 0.7298317418795932, 0.7301703776669467, 0.7303180076909712, 0.7313413680959049, 0.7315933433598941, 0.7319417487052982, 0.7319624813406856, 0.731734008125209, 0.732636360233609, 0.7324309918048315, 0.73290959820034, 0.7322591204483303, 0.7325939028914787, 0.7321993286751382, 0.7321324281115578, 0.7327399117413628, 0.7317977049429828, 0.7319849329915942, 0.7322763553603597, 0.732794517924951, 0.7324029383245569, 0.7325424815406412, 0.7322945522716725, 0.7324155051118358, 0.7327953423070857, 0.7332792438068525, 0.7329370833857906, 0.7327588463651313, 0.7318848617560028, 0.7328670737490205, 0.7325920732217235, 0.7324815499913032, 0.7322440064557475, 0.732532244177482, 0.732144115424275, 0.7330010052330911, 0.7321803800632901, 0.7322605119340111, 0.7323041532861113, 0.7325402623153862, 0.7317675588333391, 0.7323549003493312, 0.7328659406490542, 0.732572994823611, 0.7326767776512156], "train mcc": [0.1875882108609502, 0.7322940859567633, 0.7627982147729513, 0.7825906123069639, 0.7905463761614017, 0.7897934006011488, 0.7854252750626677, 0.7917524014424115, 0.7951253946429692, 0.8003931060287892, 0.8037952543275089, 0.8104078233217974, 0.8146506064566985, 0.816497899588572, 0.8167262405717951, 0.8181470601445542, 0.8190494389493301, 0.8200816317996792, 0.820467837891433, 0.8207386345010969, 0.8206663750360406, 0.8221481432875106, 0.8219352097371474, 0.8232462789915455, 0.8232123978986006, 0.8240787688684091, 0.824928262215402, 0.8234964054674049, 0.8265977876231482, 0.8278145075966781, 0.8282087053243778, 0.8284486591185886, 0.8292929696884814, 0.8292490177415186, 0.8294950598030593, 0.830051326793749, 0.8302337601273105, 0.830338717903595, 0.8311715437979932, 0.8312284924813228, 0.8314949195896856, 0.8315330040445683, 0.8313467540819555, 0.8320171325877113, 0.8319585234447162, 0.8321619993312341, 0.8317835192233088, 0.832021781901562, 0.8317314135650854, 0.8316543029681077, 0.8321072771819464, 0.8314502976966333, 0.8315906693950847, 0.8317863674110675, 0.8321208310834044, 0.8319092498700044, 0.8319690291986953, 0.8317832874095511, 0.8318814826719094, 0.832185865127302, 0.8324584697038621, 0.8322302759976681, 0.8321459037740376, 0.8314986796623615, 0.8322008920650666, 0.8320261259545885, 0.8319404406749312, 0.8317505134009702, 0.8319528703289258, 0.831678911305143, 0.8323147659138102, 0.8316759970908428, 0.831750802640152, 0.8317767759098053, 0.8319716990905872, 0.831416893530348, 0.8317928543513035, 0.8321616904033807, 0.8320152794201634, 0.8320807502773545],